Age;Vision;Astigmatism;UseOfGlassesPredicted;UseOfGlassesActual
Young;Farsightedness;Yes;0.59;1
Young;Myopia;Yes;0.71;1
Young;Myopia;Yes;0.02;0
Young;Myopia;No;0.12;1
Young;Farsightedness;Yes;0.03;0
Young;Myopia;Yes;0.25;1
Young;Farsightedness;No;0.08;0
Young;Myopia;No;0.23;0
Young;Farsightedness;Yes;0.85;1
Young;Myopia;No;0.04;0
Young;Farsightedness;Yes;0.51;0
Young;Myopia;No;0.21;0
Middle-aged;Myopia;No;0.74;1
Middle-aged;Farsightedness;No;0.07;0
Middle-aged;Farsightedness;No;0.15;0
Middle-aged;Myopia;Yes;0.22;0
Middle-aged;Farsightedness;Yes;0.41;0
Middle-aged;Farsightedness;No;0.11;0
Middle-aged;Myopia;Yes;0.38;0
Middle-aged;Myopia;Yes;0.33;0
Middle-aged;Farsightedness;Yes;0.54;0
Elderly;Myopia;No;0.87;1
Elderly;Farsightedness;Yes;0.32;1
Elderly;Farsightedness;Yes;0.81;1